<?xml version="1.0" encoding="utf-8" ?><dwsync><file name="banner.jpg" server="Macintosh HD/Applications/MAMP/htdocs/web/" local="3525952646" remote="3525952646" Dst="-1" /><file name="img-sprite.png" server="Macintosh HD/Applications/MAMP/htdocs/web/" local="3497327388" remote="3497327388" Dst="-1" /><file name="line.png" server="Macintosh HD/Applications/MAMP/htdocs/web/" local="3496460338" remote="3496460338" Dst="-1" /><file name="dotted-line.png" server="Macintosh HD/Applications/MAMP/htdocs/web/" local="3496704494" remote="3496704494" Dst="-1" /><file name="dotted-line-right.png" server="Macintosh HD/Applications/MAMP/htdocs/web/" local="3496468834" remote="3496468834" Dst="-1" /><file name="dotted-line-right-wide.png" server="Macintosh HD/Applications/MAMP/htdocs/web/" local="3496469534" remote="3496469534" Dst="-1" /><file name="order-section-bg.png" server="Macintosh HD/Applications/MAMP/htdocs/web/" local="3496470298" remote="3496470298" Dst="-1" /><file name="service-banner.jpg" server="Macintosh HD/Applications/MAMP/htdocs/web/" local="3496642792" remote="3496642792" Dst="-1" /><file name="close_1.png" server="Macintosh HD/Applications/MAMP/htdocs/web/" local="3516027858" remote="3516027858" Dst="-1" /><file name="to-top2.png" server="Macintosh HD/Applications/MAMP/htdocs/web/" local="3496711690" remote="3496711690" Dst="-1" /><file name="tick1.png" server="Macintosh HD/Applications/MAMP/htdocs/web/" local="3496788932" remote="3496788932" Dst="-1" /><file name="logo.png" server="Macintosh HD/Applications/MAMP/htdocs/web/" local="3496449288" remote="3496449288" Dst="-1" /><file name="bag.png" server="Macintosh HD/Applications/MAMP/htdocs/web/" local="3516023448" remote="3516023448" Dst="-1" /><file name="p1.jpg" server="Macintosh HD/Applications/MAMP/htdocs/web/" local="3525953834" remote="3525953834" Dst="-1" /><file name="p2.jpg" server="Macintosh HD/Applications/MAMP/htdocs/web/" local="3525953700" remote="3525953700" Dst="-1" /><file name="restlogo.png" server="Macintosh HD/Applications/MAMP/htdocs/web/" local="3592399888" remote="3592399888" Dst="-1" /><file name="cross.png" server="Macintosh HD/Applications/MAMP/htdocs/web/" local="3496723014" remote="3496723014" Dst="-1" /><file name="restaurent-logo1.jpg" server="Macintosh HD/Applications/MAMP/htdocs/web/" local="3592401666" remote="3592401666" Dst="-1" /><file name="restaurent-logo2.jpg" server="Macintosh HD/Applications/MAMP/htdocs/web/" local="3592402078" remote="3592402078" Dst="-1" /><file name="restaurent-logo3.jpg" server="Macintosh HD/Applications/MAMP/htdocs/web/" local="3592401682" remote="3592401682" Dst="-1" /><file name="restaurent-logo4.jpg" server="Macintosh HD/Applications/MAMP/htdocs/web/" local="3592401698" remote="3592401698" Dst="-1" /><file name="restaurent-logo5.jpg" server="Macintosh HD/Applications/MAMP/htdocs/web/" local="3592401715" remote="3592401715" Dst="-1" /><file name="restaurent-logo6.jpg" server="Macintosh HD/Applications/MAMP/htdocs/web/" local="3592401730" remote="3592401730" Dst="-1" /><file name="cuisine1.jpg" server="Macintosh HD/Applications/MAMP/htdocs/web/" local="3525953446" remote="3525953446" Dst="-1" /><file name="cuisine2.jpg" server="Macintosh HD/Applications/MAMP/htdocs/web/" local="3525953092" remote="3525953092" Dst="-1" /><file name="cuisine3.jpg" server="Macintosh HD/Applications/MAMP/htdocs/web/" local="3525953198" remote="3525953198" Dst="-1" /><file name="cuisine4.jpg" server="Macintosh HD/Applications/MAMP/htdocs/web/" local="3525953298" remote="3525953298" Dst="-1" /><file name="cuisine5.jpg" server="Macintosh HD/Applications/MAMP/htdocs/web/" local="3525953608" remote="3525953608" Dst="-1" /><file name="cuisine6.jpg" server="Macintosh HD/Applications/MAMP/htdocs/web/" local="3525953372" remote="3525953372" Dst="-1" /><file name="cuisine7.jpg" server="Macintosh HD/Applications/MAMP/htdocs/web/" local="3525953258" remote="3525953258" Dst="-1" /><file name="cuisine8.jpg" server="Macintosh HD/Applications/MAMP/htdocs/web/" local="3525952972" remote="3525952972" Dst="-1" /><file name="MBearsLogo.jpeg" server="Macintosh HD/Applications/MAMP/htdocs/web/" local="3592688390" remote="3592688390" Dst="-1" /></dwsync>